"pm25","pm10","no2","so2","co","o3","temperature","humidity","windSpeed","aqi"
4,26.3,45.9,6.6,0.77,67.9,21.1,30,32.1,121
62.4,114.2,54.9,5.7,3.28,65.2,22.3,22,32.9,124
22.3,41.4,82.4,3.7,2.55,108.8,31.5,56,10.7,191
130.6,227.4,9.5,5.8,4.5,43.3,12.3,71,29.2,186
63.1,114.9,8.9,3.4,1.68,111.4,38.5,66,22.8,208
15,34.4,37,4.4,1.54,130.8,41.7,97,18.6,244
69.1,124.8,47.5,18.6,2.52,115.8,36.9,68,26,215
201.1,365.7,102.6,4.9,7.19,101.6,25.1,36,5.6,302
59.4,118.6,25.1,10.2,1.86,53.4,15.2,83,23.3,97
85.4,119.3,21.5,16.6,3.38,97.6,31.7,80,25,184
51.3,70.8,3,3,1.85,133.5,42.6,84,16.6,245
105.5,135.1,10,23.6,3.19,122,44.2,60,25.4,232
60.3,109.7,12.9,0.5,1.64,20.6,7.1,11,32.8,81
76.5,117.3,15.1,1,1.96,75.3,20.3,52,9.7,124
74.3,143.2,23.7,6.4,2.9,118.4,37.2,96,16.7,224
63.4,113.2,18.5,6.5,2.48,76.5,26.9,79,33,142
43.1,75.2,17.2,12.3,1.72,55,17.2,71,34.3,96
160.3,219.5,34.9,19.7,4.01,86.5,21.1,85,5,243
106.7,156,51.2,0.8,3.93,28.4,6.1,36,17.1,150
7,26.6,42.9,0.3,1.25,115.9,39,38,20.1,224
22.9,46.3,15.1,8.4,0.95,24.4,6.2,22,31.7,42
80.2,109.1,87.8,50.4,4.24,127.5,31.1,64,5.7,244
34.2,59.3,29.6,16.4,1.78,85.4,28.9,84,34.6,164
28.8,65.4,22.4,7.9,1.5,46,17.5,80,33.2,87
35.9,46.3,19.8,0.2,1.81,179.6,44.5,67,3.8,331
11.9,31.4,44,8.1,1,120.7,38.2,20,18.5,211
196.3,238.8,55.1,0.2,6.58,101.2,29.3,87,14.3,316
61.4,130,4.6,12.8,1.78,31.5,10.5,93,31.8,112
77.2,152.3,31.1,1.8,3.24,135,39.8,53,16.2,264
24.3,58.7,71.3,6.7,1.71,75.4,28.1,26,29.4,146
103.8,192.1,74.6,40.3,4.68,102.3,37,46,26.1,187
80.3,128,12.1,8.1,3.21,14.6,6.1,98,28.6,116
5.1,16.9,36.5,25.4,0.76,54.7,15.3,99,14.2,122
29.2,58.9,19,16.9,0.93,101,35.3,58,24.3,188
65.5,77.7,105.5,79.3,4.48,199,38.2,12,1.1,362
61.8,114.8,10.6,1.9,2.43,80.6,25.9,35,29.3,139
38.7,48.6,34,9.4,2.32,161.8,30.5,69,1.2,284
44,67.6,33.2,9.2,2.12,96.9,24.5,94,8.1,182
46.6,74.9,42.4,15.4,2.76,77.3,28.3,68,31.8,144
13.2,26,60.3,7.2,1.91,29,9,59,21.8,133
11.4,20.6,98,0.2,1.88,114.5,38.7,70,13.9,220
72.9,130.2,59.7,12.3,3.58,66,21.1,96,15.8,133
40.5,64.3,15.5,36.7,1.26,180.1,35.9,74,2.3,335
68.9,114.2,35.5,2.2,3.28,128.2,43.1,41,34.1,237
20.2,34.3,35.6,20.3,1.22,50.6,15.6,45,15.7,100
16.6,35.4,47.6,22.2,1.4,114.3,38.2,37,33.6,204
62.6,85.1,21.8,8.6,1.74,82.5,31.1,89,31.2,159
17.6,35.9,43.2,3.1,1.12,111.5,36.9,47,22.8,214
17.7,40.1,38.1,5.8,1.68,43.6,12.4,11,34,79
59.3,101,73.5,4.5,2.31,116.9,35.2,17,22,206
75.8,127,22.5,5.4,2.57,117.3,34.4,29,12.3,232
40.1,74.8,16.3,6.1,1.93,117.7,35.1,70,12.8,224
69.3,92.5,13.7,23.7,2.7,57.8,18.3,51,14.5,108
36.7,66,17.1,20.1,1.79,33.4,7.3,49,27.7,88
35.3,71.6,12.8,3,0.94,153.5,32,61,2.3,297
21.8,48.1,32.5,1.8,0.94,22.7,6.7,14,26.5,58
60.1,100.6,45,11.7,2.03,91.9,30.7,69,24,176
67.4,97.2,119.7,25.4,5.37,62.3,17,73,6.8,261
43.3,68.7,19.4,1.9,1.8,77.2,20.7,76,9.9,134
15.9,35.9,48.9,20,1.27,131.2,41.9,60,18.5,230
2.9,20.7,10.3,2.2,0.28,95.7,32.2,16,24,169
23.3,42.7,120,3.2,3.47,89.1,33.7,62,34.4,261
23.1,48.6,23,8.1,1.37,101.1,33.7,55,26.8,192
18,41.3,70,3.6,1.71,46.3,14.1,51,20.3,133
67.2,113.6,10.5,15.8,2.45,67.8,21.4,73,29.9,124
138.3,187.7,34.1,18.4,6.12,111.4,27.8,47,7.4,228
4.6,11.5,25.9,2.2,0.64,137.6,40.2,92,10.2,258
20.7,58,5.8,2.8,0.92,93,28.8,31,29.2,163
28.1,57.1,44.9,1.1,1.76,117.9,41.7,51,24.6,241
132.9,192.7,26.4,18.1,5.52,73.6,19.1,81,9.2,205
5.8,12.3,21.6,16.8,0.74,70.4,15.2,95,2.5,129
237.1,361.8,117.1,5.8,8.47,137.2,33.6,80,5.8,368
9,26.8,28.4,5.7,0.96,50.6,13.7,45,8.4,71
6.8,19.7,26.7,1.5,0.68,69.5,22.7,87,17.3,120
3.7,11.5,69.4,5.2,1.17,117.6,32.8,53,7.7,228
33.2,66.8,62.8,7.6,2.34,94.7,31.9,23,25.5,167
280,400,120,80,9.91,71.6,12.2,61,1.3,428
44.6,75.3,65.6,18.8,2.34,118.2,34.3,24,13.8,222
52.7,84.3,33.9,2.9,2.01,49.3,18.1,38,18.5,88
280,343.2,33.5,2.9,7.02,102.1,19.1,81,1.1,425
39.7,66.9,21.2,4,1.8,113.9,36.6,79,20.8,217
138.6,226,65.6,8.6,5.22,71.3,19.6,86,6.4,209
51.2,91.9,11.2,5.6,1.66,59.5,16.3,18,13.2,97
18.4,41,27,7.3,0.86,60,15.4,39,23,111
108.9,211.7,30.8,3.9,4.76,31.9,6.1,55,27.4,149
13.4,27.7,17.5,10.5,0.81,103.6,31.3,27,20.2,197
155,189.7,15.5,16.7,4.16,132.4,34.9,36,8.9,244
126.5,216.8,120,6,5.53,136.2,30.2,66,4.1,275
7,19.4,31.7,20.6,0.93,25.2,7.2,36,3.9,82
96.5,169.2,48.3,11.2,3.57,95.3,26.1,20,11.4,178
50.3,76.3,75.9,2,3.32,27.2,8.5,89,23.7,174
164.1,214.1,59,12.3,4.45,90.2,15.8,72,1,256
101.9,128.3,73.4,10.4,4.51,35.4,5.1,87,8.1,159
12.9,43.4,15.7,15.2,0.89,91.9,33.3,96,32.7,178
28.8,58.2,40.4,5.1,1.72,103.7,36.9,95,32.5,197
12.9,29.4,37.7,2.9,1.1,33.8,10.4,12,26,69
11.7,28.8,46,15.9,1.08,101.4,29,46,12.3,193
38.2,79.2,47.7,1,1.96,65.6,19.4,34,18.5,108
29.4,48.4,23.7,3.3,1.21,98.2,32.1,56,26.3,172
71.7,109.9,17.7,0.9,3.08,61.2,19.6,79,22.1,106
24.1,52.8,3.4,23.1,0.59,112.9,37,15,22.3,196
76.8,116.5,26.1,18,2.25,159,44.5,94,8.4,299
70,125.2,75.5,4.3,2.72,84.3,24.3,41,8.4,155
20.4,34.2,4.4,8.9,0.59,31,8.1,47,14.2,46
22.8,51.3,19,9.1,1.12,35,10.4,97,33,68
29.3,58.9,28.3,5.8,1.68,121.4,40.8,58,33.7,225
16.3,42.6,3.7,5,0.5,105.1,33.5,40,26.2,190
135.9,186,35.9,2.2,5.64,115.4,40,67,25.9,230
47.4,93.1,6.1,1.1,1.57,126.4,41.2,21,19.2,231
143.5,229.8,78.6,54.1,4.27,130.1,24.1,91,1.1,240
49.6,90.4,79.1,1.2,2.33,31.1,7.7,57,21.7,161
86.2,154.4,19.9,6.6,3.06,96.1,33.8,83,29.5,178
62.6,113.1,10.8,3.8,2.62,51,15.9,90,26.6,93
47.3,90.8,70.3,7.9,2.94,53.9,18.1,44,16.4,147
15.7,34.6,4.9,3.8,0.56,61.6,20.4,15,19.2,130
196.2,323,34.4,28.3,6.85,62,18.2,41,19.3,290
125.5,184.5,120,16.8,7.02,56.7,8.9,46,1,251
84.1,129.3,35.3,8.2,3.92,96.6,28.2,65,13.1,167
68.3,118.8,22.5,6.4,2.99,114.6,35.2,71,21.8,219
33.1,62.3,65.3,15.2,1.72,70.6,25.7,29,29.2,146
73.6,110.1,8.3,3.8,2.52,59.6,16,98,13.1,108
88.7,163.5,38.1,6.1,3.11,74.4,22.8,12,15,120
20.1,33.8,11.3,12.5,0.78,125.6,40.8,34,20.5,240
50.3,90.9,54.4,0.2,1.95,128.3,41.9,37,21,229
18.7,35.7,4.8,0.9,0.67,78.8,25.9,94,25.5,146
102.6,158.8,42,4.9,3.73,114.3,35.6,65,14.4,219
21.3,41,36.7,10.6,1.21,93.5,35.7,40,32.3,184
34.5,76.7,23.8,0.9,1.17,108.6,38.5,60,33.7,201
52.1,76.1,6.5,19,2.17,158.9,42.6,24,8.9,298
36.6,70.4,11.6,27.2,1.25,67.1,21.9,51,25.6,135
19.7,50.4,92.9,4.6,2.91,84.8,29.2,22,31.7,220
25.4,51.5,36.1,27.9,1.58,58.3,13.8,16,21.5,112
3.8,16.7,24.2,6.3,0.74,111.9,39.4,47,22.5,194
5.9,25.8,32.9,1.5,0.95,118.3,42.1,59,32.9,215
10.9,30,50.2,1,0.95,83.9,28.3,54,29.9,149
68.9,122.8,56.4,27.3,3.06,97.5,31.4,64,20.7,174
29.2,61.2,44,7.8,2.19,36.2,7.6,44,28.9,94
75.5,125.6,57.4,9.1,3.43,64.6,14.8,98,4.9,129
20.5,46.2,32.9,0.3,1.37,76.9,25.4,87,27,144
9.8,26.9,14.3,10.7,0.57,80.4,25.6,11,22.2,140
45.1,85,89.7,47,2.5,139.3,35.5,62,6,261
175.6,220.4,28.1,0.5,5.28,75.9,15.7,24,3.7,251
104.3,184.7,70.1,6.1,5.2,118.1,32.5,51,16.8,223
39.5,57.2,94,4.3,3.07,73.5,27.3,67,27.5,214
23,48.3,6.9,1.7,0.68,72.9,22.2,35,25.9,131
18.8,35.4,23.2,0.7,0.76,121.5,39.4,20,28.8,221
12.2,26.7,29.8,0.6,1.1,39.6,9.5,19,6.8,54
22.5,56.1,48.9,12.7,1.24,50.7,17.7,97,33.1,114
108,192,33.8,16.2,3.86,116.2,34.6,12,11,217
173.1,283.3,13.6,4.1,5.06,95.4,26.9,91,6.1,272
87.4,161.3,5.7,10.5,2.81,46.4,12.2,63,25.5,134
76.2,104.2,21.9,22.6,1.97,113.2,32.3,70,12,213
27.1,43.6,32.7,2.8,1.81,36,9.2,56,27.5,57
114.6,142.3,12.5,16.6,4.17,55.4,16.5,32,14.4,166
162.4,303.6,74.1,1.7,7.7,111,34,92,24.1,261
19.6,37.6,48.3,3.9,1.17,34.5,6.8,62,27.4,126
52.1,90,76.2,18.6,2.33,46,9.4,65,7.4,156
46.7,62.5,59.4,1.8,2.53,111.5,21.7,58,2,189
19.1,36,62.9,12.2,2.33,108.3,28.9,81,5.6,196
81.6,142.9,55.2,27.3,3.46,45,12.9,79,24.1,113
13.8,33.6,31.7,3.1,1.26,74.2,25,56,32.8,138
60.3,89,25.1,4.9,2.96,113.1,38,37,19.7,215
13.2,36.1,48.3,9.6,1.67,25.2,8.7,29,21.5,97
6.1,21.8,23.8,6.9,0.53,85.5,23.8,50,7.7,150
9.5,29,52.2,4.3,1.05,126.4,40.2,65,19.2,223
72.5,137.4,26.8,7.6,2.07,85.9,22.4,69,7.1,160
46.6,95.2,16,7.4,1.44,68.3,16.1,67,16.4,110
121.5,141.8,25.4,0.6,5.27,30.3,7.3,75,11.8,171
52.3,77.1,64.5,2.4,3.65,161.5,40.4,29,4.9,289
147.9,210.3,41.9,39.8,3.81,44.3,10.9,45,7.3,207
24.1,46.2,67.5,2.9,1.67,52.6,17.7,54,25.8,149
44.4,61.8,22.9,0.7,1.61,100.4,32.2,38,15,187
11.1,22.9,19.5,2.5,0.73,67.6,16.3,98,15.1,146
6.3,17.5,80.5,0.8,2.17,67.3,22,84,17.3,192
14.3,36.1,46,2.9,1.08,76.1,24.5,22,15.5,132
64.9,104.2,24.5,16.4,2.43,62.7,14.7,52,5.6,111
48,79.9,54.8,3.7,1.96,63.4,19.4,94,29,123
7.3,25,21.3,9.2,0.67,31.7,7.8,23,21.1,54
20.1,43,55.6,26.4,1.71,53.8,19.4,47,28,127
48.4,84.5,24.3,9.2,2.4,121.7,44.3,17,27.1,235
22,52.5,43.3,6.1,1.78,35.2,12.6,94,32.2,112
22.8,58.4,20.5,16.7,1.23,108.6,39.9,84,30.3,205
257.8,305.4,30.9,19.7,5.88,39,9.5,28,11.8,387
86.5,148.5,2.6,12.9,2,55.4,12.8,66,9.8,133
72.3,123.8,6,25.1,1.78,96.3,34.2,53,26.2,188
36.2,58.8,16.2,9.6,1.47,42.6,15.8,67,26.4,85
21.2,45.1,6.5,2.6,0.62,39.9,13.4,66,32.2,78
63.8,129.5,5.2,18.3,1.67,77.9,28.3,90,28,151
91.4,131.5,80.5,3.8,4.29,42.6,8.4,51,5.5,179
13.3,34.9,68.9,3.9,2.05,88.1,23.9,92,10.8,179
57.1,101.7,53.3,19.9,2.95,74.9,17.2,77,7.6,136
83.2,131.4,50.4,5.2,3.62,122.2,40.6,78,27.7,226
90.8,117.6,4.9,1.8,2.32,58.8,13.5,49,5.4,131
98.1,141.6,53.6,5.7,4.02,105.6,25.8,13,5.4,183
101.2,184.3,17,13.6,3.83,32.1,5.6,90,3.5,149
30.6,40.5,99.3,10.3,2.08,117,26.1,41,2.8,219
16.3,29.6,12.8,4.5,0.72,79.4,20.4,61,19.1,159
102.6,164.1,31.2,21.6,4.17,31.9,5.1,13,4.8,138
5.9,24.6,23.8,1.3,0.66,79.9,27.7,78,26.3,154
13.5,26.7,59.1,2.1,1.7,76.5,22.9,89,25.9,149
70.7,119.3,9.4,0.8,1.62,79.6,29.6,21,31.1,148
50,81.1,28.8,4.5,1.53,32.1,7,32,18.6,69
12.7,34.4,72.6,3,1.37,91.2,31.1,33,30,152
24.1,40.6,55.5,23.9,1.54,64.8,17.9,11,16.1,119
62.3,86.3,15,3.7,1.86,41.2,11.3,88,6.4,110
59.4,85.8,16.4,0.4,1.84,51,13.5,47,16,77
48.4,92.6,37.8,1.9,2.46,60,19.9,73,33.9,109
51.7,85.5,60.8,36,3.15,104.6,31.9,39,17.5,184
58.1,110.7,37.5,8.2,2.92,53.2,11.3,50,9.6,83
221.1,358.8,99.9,20.9,6.34,82.7,21.2,83,9.8,327
104.6,162.2,53.3,1,4.81,57.9,15.5,51,19.4,151
55.2,114.9,31,10.1,1.73,56.3,19,41,23.1,92
102.1,131.8,18.3,3.8,2.44,42.1,9.5,80,12.4,151
120.5,172.3,96.3,16.1,6.08,85.7,16.7,98,3.1,217
75.8,114.2,97.4,0.9,3.95,46.4,10.3,47,16.3,202
13,35.7,9.9,11.1,0.59,75,23.3,71,29.5,148
159.6,236.5,12.1,8,3.96,108.6,34.4,58,20.5,235
33.9,58.9,47.7,0.6,1.81,41,7.2,22,13,106
29.8,64.5,69.1,3.1,2.65,57,20.7,14,19.6,154
46.4,71.4,26.2,2.9,2.04,106.3,38.7,13,31.4,204
119.7,159.4,11.5,38.1,4.48,65.9,20.9,97,17.7,185
184.9,262.8,92.7,9.6,6.96,84.6,23.3,41,6.8,279
32.7,60.7,28.2,0.5,1.9,130.6,43.3,80,19.5,241
110.7,197.1,27.2,3.3,2.79,107.2,36,30,33.7,200
20.9,45.6,7,11.8,0.9,85.7,24.1,82,11.7,154
37.5,80.2,33.1,23.4,1.37,117.1,44.4,42,28.9,223
112.2,178.9,77.2,3.8,3.81,59.2,16.8,13,11.4,154
158.1,284.8,6.2,24.6,5.41,45.6,12.3,68,7.3,229
110.4,194.1,89.4,1.6,5.67,163.7,35.9,54,2.6,292
17.3,34.8,49.3,0.2,1.16,145.6,39.8,34,9.4,275
41.3,59.1,50.4,14.8,2.43,66.1,17.5,41,12.9,135
60.9,106.3,55.8,32.2,3.7,157.9,41.6,16,6.4,285
31,47.5,18.1,19.1,1.41,135.4,41.6,18,11.3,252
280,369.6,31.6,19.8,11.37,190.8,37.3,95,1.6,431
19.2,41.8,31,2.5,1.42,56.9,19.1,79,34.9,108
32,58.1,18.5,31.3,0.99,97.2,32,96,28.3,187
8.5,18.3,29.4,6.7,1.06,60.9,15.8,90,3.9,118
54.7,102.2,15.8,16.3,2.37,122.9,43.3,99,30.6,227
17.4,30.6,31.1,14.4,1.48,40.9,9.9,36,19.9,73
24.8,49.7,22.5,5,1.23,73.1,17.9,80,15.3,133
236.8,315.3,106.5,13.6,8.3,129.7,30.2,47,3.3,361
5.7,24.7,49,7.8,1.22,46.8,14.7,44,20.1,101
183.5,212.5,14.3,27.6,6.23,187.5,42.1,96,3.4,349
168.6,241.9,55.9,4.8,6.29,98.6,28.7,56,8.2,248
7.7,26,50.1,42,1.56,65.8,19.4,14,19.7,168
34.1,52.7,45.9,8.4,2.11,93.8,29.3,22,17.4,171
13.8,27.7,90.9,10.3,2.51,105.4,29.1,79,6.4,205
150.3,238.5,69.9,20.4,5.36,149.4,40.2,84,6.1,287
126.1,204.3,2.8,18.5,3.04,108.5,30.2,44,18,210
51.3,74.2,4.3,7.5,1.41,112.3,39.6,14,33,214
126.1,191.1,19.8,1.8,4.11,135,41.9,51,12.4,258
36.9,50.4,16.7,1.1,1.84,98.5,27.8,19,7.4,172
102.8,183.2,34.6,12.7,3.56,120.9,34.9,34,10.2,236
79.7,114.7,79.2,2,3.24,68.3,20.7,94,19,181
102.6,164.1,91.6,52,4.73,61.3,10.7,88,1.7,217
23.8,49.7,36.4,13.9,1.22,115.6,42.8,100,28.2,239
187,216.8,34.4,11.3,5.66,71,14.7,22,4.8,267
51.7,70.7,25.7,30.1,1.61,34.3,5.9,59,19.4,127
21.3,41.1,24.3,37.2,1.34,46.2,14.1,85,20.4,149
18.2,48.1,39.7,6.9,1.43,54.3,14.5,97,22,117
110.3,155.4,63,0.3,5,78.5,27.3,93,25.3,174
56.2,91.3,11.6,16.9,1.65,128.6,31.5,24,5.2,224
64.8,75.6,23.5,6,2.22,77.8,24.9,15,11.6,134
13.3,37.1,26,10,0.94,34.1,9.6,85,33.2,64
74.1,96,14.5,3.1,2.66,101.3,30.7,22,18,199
35.1,53.8,48.9,27.8,2.18,118.4,30.1,45,5.6,209
50.2,103.3,21.6,0.5,2.38,55.7,15.2,75,30.6,94
191.5,230.7,20.3,1.8,7.97,55,14.4,15,8,285
5.7,24.5,28.8,35.1,0.95,66.4,19.1,25,32.5,138
69.1,125.5,24.4,2.9,1.94,56.3,17.3,44,31.1,95
69.7,109.4,120,3.7,3.22,141.7,35.8,32,5.6,262
27.1,63.8,9,7.5,1.22,48.6,14.1,48,27.7,87
49.9,77.8,16.9,8.1,1.71,74.3,23.4,40,16.4,144
139.1,190.8,21.3,1,4.74,151.7,38.5,22,5.6,278
29.6,56.9,15.7,11.7,0.86,50.2,15.3,43,31.1,85
57.3,104.3,51.2,5.2,2.1,88.8,23.4,64,12.4,160
45.5,76.4,54.1,44.1,1.81,130.8,38.4,78,11.9,250
80.5,121.7,36.3,13.5,4.03,66.9,18.2,59,14.7,129
18.2,38.3,38.1,8.9,1.43,87.7,25.2,35,17.3,157
112.1,181.4,30.1,6.9,4.96,119.7,35.9,94,13.5,223
50.4,81.3,18.3,6.1,1.79,50.1,12.2,58,16.8,88
55.7,101,69.3,29.2,3.41,195.2,44.7,88,2.7,363
280,400,120,6.7,13.06,156.5,43.3,79,7.4,428
33.8,59.2,18.8,6,1.78,81.6,25.7,73,34.4,159
20.9,42.7,8.1,16.4,0.79,33,9.9,16,12.2,45
54.3,91.4,47.5,2.8,2.78,102.1,27.5,79,6.8,193
39.5,62.1,48.7,0.2,1.69,29,6.5,32,17.6,101
199.1,319.1,63.4,80,6.74,200,43.2,21,1.6,358
55.6,99.8,43.1,7,3.28,27.6,5.5,82,12.5,96
116.5,157.8,69.2,25.9,5.86,136,28.1,98,2,262
91.4,175.5,44.6,20.6,3.24,114.1,34.7,42,30.5,208
6.3,25.7,80.4,13.7,2.23,29.6,12.5,18,25.9,173
44.1,71.7,71.8,2.3,3.09,56.1,16.9,11,11.7,152
18.8,42.3,44.2,6.5,1.04,78.9,22.9,50,14.1,153
80.2,118.9,40.9,2.1,2.63,79.8,20.7,28,12.3,157
33.1,63.5,14.8,16.6,1.4,128,31.3,15,4.1,225
75.3,135.2,28.7,11.5,2.36,93.7,29.6,81,26.7,178
28.9,60.2,18.1,9.5,1.49,104.5,34.2,38,21.5,182
32.1,41,120,10.3,4.15,78.7,17.8,40,5.9,271
214.3,292.5,34.2,16.5,7.99,58.9,10.8,99,2.1,333
64.2,114,43.9,3.9,2.99,30,7.2,41,17.4,93
105.5,185,76.9,13.4,4.38,136.8,43.2,72,16.1,252
32.3,57.9,41.6,14.3,2.05,13,6,50,3.1,94
50.6,103.1,59.4,14.9,2.36,142.1,41.8,43,12.1,267
55.7,100.7,74.6,8.8,4,63.5,19.7,79,30.9,163
14.6,34.5,27.3,6.8,0.91,86.4,32.9,80,32.6,160
52.1,85.2,12.9,1.4,1.92,85.9,27.8,38,14.3,154
48.5,93.7,15.3,10.6,1.84,56.9,16.4,33,6.4,85
4.2,12.9,15.8,16.6,0.46,28.8,5.5,71,11.9,71
25.4,39.7,101.3,0.5,2.58,76.3,21.9,75,11.4,222
77.5,106.1,58.4,8,4.08,115.7,29.6,75,4.7,220
54.4,84.8,17.1,3.6,2.02,17.2,5.2,49,34.3,78
72.6,124.7,8.7,15.8,2.87,103.6,31.5,24,17.9,172
155.8,235.9,74.2,35.4,6.99,45.7,9.6,20,4.2,220
49.7,67.2,54,2.3,2.81,147,41.1,53,8.2,275
51.5,78.1,24.2,6.4,2.36,39.2,9,94,32.6,85
15.1,31.6,54.5,4.2,1.55,100.7,27.6,37,11.1,179
40.8,79.2,52.1,1.7,2.19,56.3,15.1,51,23.2,109
19.3,40.3,72.9,12.2,2.42,76.8,28.2,70,31.6,173
5.1,25.8,3.3,2.4,0.18,117.6,43.1,47,34.7,225
6.1,18.6,26.5,2.6,0.9,103.8,34.1,16,15.6,197
153.9,203.9,120,21.4,6.88,65.7,21.2,19,14.4,260
51.9,82.6,13.4,14.9,1.59,104.3,24.7,94,5.8,203
56.5,77.5,94.7,26.5,3.67,106.2,31.9,95,10.5,200
37.5,80.3,36.5,4.2,1.87,73.1,23.7,92,20.2,137
96.7,183.6,47.5,1.4,2.74,50,16.8,23,32.8,150
41.2,67.5,18,18.8,1.14,90.3,26.8,28,13.2,172
39.4,62.1,45.1,3.1,1.5,102.5,34.4,70,29.6,200
79.3,104.2,39.1,10.2,4.11,107.1,35.9,33,25.6,197
13.7,40.5,39.8,2.8,1.13,117.4,37.6,85,26.5,230
29.9,57.1,29,13.1,1.44,54.1,18.3,26,32.4,79
157.5,199.9,115,6.1,5.82,200,40.6,95,1.1,380
56.5,77.3,24,10.6,1.78,72.1,17.3,50,6.5,139
71.9,106.8,28.7,25.1,2.43,111.6,33,88,14.6,204
57.8,108.7,29,4.3,2.11,48.1,12.7,38,24,82
62.6,98.6,57.6,12.8,2.57,133.8,44.1,89,17.3,252
105.3,128.3,10.7,12.1,3.94,43.9,11.8,59,19.2,159
21.9,47.4,82,34.2,1.63,48.9,11.8,67,11.8,188
34,62.7,24.5,17.8,1.95,80.6,30.1,13,28.7,142
36.2,49.1,24.4,7,1.47,118.7,34.4,47,10.9,218
20.3,45.9,33.2,0.2,1.63,131.7,42.6,61,14.9,246
179.2,299.2,40.1,20.8,5.56,147.6,35.7,23,4.1,272
21.3,48.8,21.2,2,1.19,39.6,11.7,56,28.2,59
15.2,36.8,46,6.3,1.27,62.1,16.2,61,13.2,100
144.2,227.5,33.4,35.1,3.76,95.4,22,15,2.4,216
66.1,93.8,64.2,11.3,2.73,174.6,38.5,74,2.4,330
10.8,36.8,44.6,1.7,1.43,41.4,11.1,65,33.5,94
104.6,133,81.9,3.5,5.97,109.5,31.6,24,13.7,198
8.1,31.3,53,7.4,1.01,109.6,37.7,57,28.4,209
21.3,55.7,16.4,8.1,0.87,89.5,31.9,81,31.9,186
157.1,255.5,33.5,22,5.66,67.4,20,47,16,251
18.4,38.4,53.3,6.7,1.37,122.3,40.4,38,20.6,236
81.4,118.8,100.7,5.8,3.69,113.5,27.8,55,3.5,219
52.2,69.6,66.4,21,2.96,93.3,23.8,68,6.6,182
81.9,155,19.3,8.3,3.24,96.4,30.4,68,26.2,187
19.4,34.7,23.7,11.4,1.09,117.8,34.6,55,17.2,240
82.5,163.4,20.8,0.9,3.41,35.5,10.8,67,24.3,125
44.9,79.1,17.2,19.2,1.85,64.3,21.3,43,33.4,111
34.4,55,27.8,37.4,1.3,74.1,23.3,40,17.9,167
7,20.4,31,0.9,0.6,86.4,27.3,14,17,147
55,106.9,25.2,9,2.68,75.2,21.4,89,20,131
33.6,74.8,20.9,6.2,1.69,135.8,44.9,57,23.2,262
16.2,29.3,94,7.7,1.68,112.6,35,54,10.5,218
49.9,94,40.9,1.5,2.24,37.8,12.5,22,34.3,76
42.9,82.9,48.2,11,1.77,35,9.3,50,22.9,109
15.4,30.6,34.2,21.2,1.2,100.1,34.8,30,20.8,177
4.9,19.1,78,2.7,1.95,44.8,9.6,84,21.9,176
76.8,145.3,43.1,6.5,2.88,112,44.9,82,32.5,211
72.4,114.3,69.2,2.5,4.28,117,36.1,86,14.3,203
179.8,227.4,34.6,1.2,5.45,79,21.3,97,10.8,276
167,228.1,29.7,8,4.93,73.3,16.1,32,4.1,237
19.2,36.2,15.9,15.6,0.97,150.5,43.3,82,11.9,277
26.4,63,31.6,6.6,1.53,50.1,15.2,24,26.8,86
53.2,95.6,9.5,17.2,1.91,42.4,9.8,36,4.6,73
47.1,68.7,30.6,9,1.45,77.4,26.8,32,25.1,135
14.6,32.1,14.9,11,0.72,87.1,31.9,64,33.9,150
27.1,46.4,59.9,1.8,2.07,81.1,20,21,7.9,146
94.9,147.7,78.9,1.2,5.01,51.2,10.9,66,4.7,175
14.9,26.8,45,1.4,1.07,200,43.8,13,2.9,361
38.8,67.6,24.2,5.1,2.02,31.4,7.8,66,29.2,65
45.5,81.1,45.9,6.6,2.17,91,29.1,66,20.8,170
40.2,68.1,8.1,9.5,1.1,47.3,12.8,54,17,79
7.6,14.5,13.3,7.5,0.39,98.2,27.6,50,13.4,187
103.6,161.2,109.9,3.3,4.76,45.9,10.9,21,10.5,241
18.7,35.6,14.6,1.3,0.85,108.1,38,77,21.4,210
45,79.2,11.8,7.9,1.53,58.2,18.2,74,28.8,106
157.1,265.8,34.9,10.7,5.55,96.5,24,55,4.3,240
35.1,80,33.4,14.8,1.31,34.9,12.6,35,33.8,65
94.4,150.4,29.4,26.7,3.94,91.7,25.8,69,6.7,173
165.1,276.6,17.8,2.5,6.32,100.7,24.8,21,3.9,242
90.6,142.2,16.1,15.3,3.27,39.1,10.7,38,30.3,124
18.9,42.5,88.1,3.6,2.3,111.7,35.1,66,18.8,195
45.9,82.4,24.7,12.7,1.45,22.4,5.4,25,23.3,66
35.8,68,53.8,3.9,1.66,51.3,12.1,50,8.8,116
48.3,75.4,23.1,0.2,2.17,37.4,9.5,80,25.5,71
73.4,138,43.5,5.1,3.22,85.4,26.5,40,17.7,155
34.3,65.6,9.7,11.6,1.59,82.2,26.8,80,33.8,145
19.4,44.7,67.3,2.6,1.82,29.5,5.8,21,31.8,149
45.3,61.4,48.7,3.3,1.79,37.1,11,14,19.7,103
30.1,60.1,15.1,19.6,1.07,121.6,27.3,39,3.6,224
84.6,156,24.4,20.3,2.43,172.2,35.2,83,1.8,328
54,84.9,85.6,6,2.79,92.5,31.5,84,18.5,215
55.4,100.9,11.7,26.8,1.63,103,35.6,13,22.4,186
105.8,164.9,55.8,5.3,5.5,37.9,10.7,84,15.2,160
46.6,84,11.7,2.3,1.66,78.5,28.4,53,30.9,153
58.7,103,70.3,40.2,3.91,130.1,33.3,30,4.7,239
48.4,69.1,54.2,0.3,2.35,65.5,21.8,41,34.3,127
58.1,89.4,9.9,6.2,1.69,154.2,44.6,23,10,289
29,41.6,84.8,11.9,2.06,47.1,8.4,50,3.9,195
9.5,23.4,43.1,7.8,1.22,92.9,27,17,14.1,161
52.7,80.1,36.3,8.3,2.64,72.4,20.1,88,5.2,123
35.1,65.9,28.5,16,1.69,62.2,20.5,59,20.8,106
54.5,82.7,99.1,7.9,3.47,71.8,18,19,9.2,203
101.3,199.2,11.5,3.5,3.8,123.7,44.9,90,25.5,232
54.7,94,50.5,42.1,1.9,147.6,34.9,46,6,266
109.3,129,82.7,1.8,4.39,140.3,36.2,21,6.2,249
106.3,186,24,1.2,3.69,143.7,41.2,100,9.8,272
47.4,77.6,6.4,13.9,1.97,99.5,31.7,93,27.4,184
28.7,43.6,34.5,2.1,1.77,103,32.7,16,15.5,183
173.1,270.9,38.7,12.6,6.9,186.7,42.8,89,3,352
67.5,95.3,120,26,3.17,50.6,10.2,34,4.9,254
1.8,19.9,32.1,32.1,0.79,134,43,66,17.4,259
33.4,77.9,26.1,22.3,1.58,111.8,43.1,54,34.3,214
5.4,20.4,4.6,3.7,0.23,25.3,8.5,57,28.6,57
62.3,112.3,15.8,5.7,1.93,115.8,38.8,62,19.5,226
97.1,134.4,92.7,0.5,5.75,144.1,35.3,87,3.5,278
99.5,183.3,38.6,2.8,3.43,90.4,28.5,37,16.9,164
33.3,47.6,12,5.2,1.43,69.7,17.2,36,12.6,126
52.8,85,8.4,5.1,2.01,25.9,5.5,46,24.5,68
112.8,178.3,15.5,16.7,4.21,59.7,17.9,38,18.5,166
5.2,22.4,23.1,6.7,0.64,45.6,11.8,87,18.5,82
20.2,48.7,20.8,13.5,0.86,51.2,13.8,48,19.5,85
55.2,66.3,29.1,8.4,2.63,76.6,23.9,49,16.2,141
9,19.5,49.4,50.7,1.35,25.6,5.3,47,3.9,211
16.3,36.7,66.2,5.9,1.97,108.2,36.1,64,32.6,202
58.5,85.4,90.4,7.5,3.44,189.4,36.7,62,1.6,357
9.9,25.5,7.3,19.1,0.53,36.6,9.8,68,15.1,93
38.3,71.9,59.5,1.3,2.37,44.6,12.7,85,8.7,131
52.8,97.5,75.4,50.3,2.48,173.3,45,69,4.4,327
22.8,38.5,34.6,3.8,1.41,131,41.1,59,17.4,250
141.3,201.9,13.8,15.4,4.92,22.5,5.2,72,23.1,203
15.8,39.8,70.4,3.1,1.43,98,34,14,32.3,175
155.4,223.3,25,11,3.63,69.7,21.3,57,13.3,236
52.1,90.1,50.6,1.4,2.74,36.9,5.9,82,30.1,99
161.2,209,52.5,12.4,5.94,74.4,20.9,32,11.2,242
91.6,125.9,63.1,10.9,3.03,41.8,12.1,97,16.8,148
71.1,109.3,97.9,3.6,3.92,64.4,15.1,53,5.9,224
35.2,74,32.2,7,1.79,106.5,41.5,11,28.5,192
115.5,197.9,75.4,14.8,5.7,59.5,20,25,23.6,171
16.4,28.7,43.8,51.3,1.73,74.4,17,93,3.1,223
56.1,75.4,39.3,1.3,1.83,108.8,35.8,58,15.7,215
24,52.2,93.3,7.3,3.17,27.2,5.6,72,14.5,190
19.9,43.6,16.4,12.5,0.84,42.7,12.6,43,24.7,88
18.7,41.6,24.9,10.8,1.15,133.3,45,78,23.4,258
50.5,100.1,12.1,38.6,2.19,21.6,5.7,51,14.8,149
29.4,54.9,54.5,16.4,1.55,125,33.7,36,11.4,224
23.9,40.4,42.5,9.6,1.93,94.1,26.5,22,9.7,145
87.3,120.7,22.9,20.2,2.71,59.3,20.7,84,23.9,131
92.3,130.3,61.5,1.6,5.18,68.4,25,45,31.4,154
20.9,45,39.2,4.3,1.42,127.6,44.6,81,29.8,241
112.2,187,88.2,0.5,4.69,81.1,24.8,22,14.4,192
280,400,19.3,1.3,7.48,179.1,44.1,56,3.7,440
103.5,180.8,1.7,2,3.49,111.2,34.9,41,29.2,208
30.4,42.1,120,15.4,3.36,138,32.4,87,3.5,279
38.5,57.6,42,15.9,2.4,101.2,24.8,73,4.9,206
85.9,117.5,61.3,14.8,3.04,26,7.2,78,22.8,139
68,126.4,53.6,8.9,2.49,120.4,36.2,64,11.9,232
25.1,44.4,72,6.3,2.46,73.1,18.9,53,7.4,154
211.7,328.2,96.1,2,6.74,31.7,5.9,83,14.4,325
20.2,44.9,31.4,1.9,1.2,81.9,29.9,93,30.3,161
13.6,33.2,83.2,35.7,2.28,43.4,10.2,72,12.8,185
280,400,36.9,60.9,7.68,80.1,12.2,74,1,413
20,40.7,14.9,1.4,0.81,78.5,30.5,59,32,157
56.2,86.3,29.9,20.4,1.92,41.2,11.7,48,33.4,73
136.6,223.9,27.1,2.2,4.16,69.1,19.5,86,17.7,194
64,95.6,25,1.6,2.19,51.8,13.8,16,16.8,87
19.5,42.2,69.3,2.7,1.79,126.2,38.1,89,21.3,235
26.1,58.8,59.8,13.7,2.08,23.9,5.1,75,31.8,139
113,205.3,64,2.5,4.13,55.9,11.3,17,6.9,152
29.4,52.6,70.2,1.9,2.37,132.9,42.5,19,27.7,242
41.6,64.1,67.4,12.3,2.04,120.9,35.6,83,8.9,236
84.5,130.9,11.4,2.5,2.68,118.1,37.9,21,20.6,221
52,106.4,18.2,2.6,2.32,48.9,15.1,80,29.6,92
98.2,161,97.8,2.9,4.02,52.5,9.7,28,5.5,198
77.1,104.7,26.1,11.8,2.01,34.9,10.3,84,31.5,121
43.2,78.4,29.5,8.1,2.33,68.9,21.8,12,16.3,111
32,72,5.3,5.5,1.04,61.1,19.6,26,31.4,111
33.3,41.5,27.3,13,1.65,43.6,10.8,54,9.5,74
9.6,22.1,48.3,15.9,1.51,115,25.8,99,3.8,210
87.1,153.2,60.3,2.9,3.4,153.9,34.8,27,2.7,285
41.9,92.9,20,14.8,2.06,37.2,9.4,10,34.3,63
17.3,43.7,60.1,7.1,1.67,72.9,19.8,21,17.5,121
23.6,50.9,62.3,17.1,1.88,54,13.9,55,29.7,141
32,52.5,107.1,11.1,3.47,128.7,40.9,39,15.2,234
14.4,31.9,8.4,3.3,0.51,34.6,9.3,59,17.6,54
79.5,95.9,55.7,3.5,2.52,144,38.6,74,7.2,277
36.1,70.8,7,15.4,0.99,116.7,38.8,50,26.8,229
218.6,257.9,13.6,1.6,5.21,29.2,6.1,58,11.4,324
43.2,56.7,55.3,0.3,2.99,131.4,35.6,80,6.6,242
161.5,186.8,69.8,7.6,5.02,82.9,16,75,2.1,249
38,50.4,42.9,2.4,2.08,52,11,59,5.6,84
77.6,122.4,55.2,2.4,4.06,40.9,8.9,32,7,103
28.2,54.3,60.8,17.7,2.21,104.9,33.5,30,18.7,196
21.3,58.3,27.1,8,1.12,75.8,23.2,68,28.6,143
14.5,27.1,58.3,10.2,1.61,92.6,21,93,4.9,168
68.7,133.9,28.7,3.3,3.03,94.3,29.6,94,31.4,188
35.4,72.5,63.9,0.8,2.22,44.9,10.3,45,20.6,145
62.2,105.3,98,21.5,3.44,48.9,8.2,23,6,203
51.6,107.2,12.2,20.4,2.05,90.9,31.5,76,31.7,173
80.4,140.6,33.8,19.7,3.82,132.2,36.7,54,9.6,246
122.2,226.4,33,7.4,3.98,82.1,19.9,33,6.1,187
147.3,210.5,36.6,9.4,6.29,116.8,37,85,27.1,220
5.4,13.5,66.9,12.8,1.72,135.1,37.4,23,8.8,263
31.4,42.2,21.5,10.1,1.48,138,39.6,64,11.4,269
11.4,26.4,41.4,0.6,1.05,78.1,21.9,35,18.6,145
30,56.3,18.7,4.3,0.97,43.4,8.8,95,12.4,86
35.2,51.1,19.8,7.7,1.15,153.6,40.3,23,6.3,281
20.8,38.2,36.5,20.2,1.28,64.3,16.5,92,10.1,120
36.9,59.6,42.2,12.6,2.31,73.5,17.2,73,12.9,136
21.6,37.9,51.6,15.1,1.26,112.5,37.6,35,20.7,209
7,28.7,42.2,7.2,0.97,93.4,28.5,15,28.5,185
12.5,35.4,64.4,5.7,1.22,93.9,31.5,74,32.7,182
45.1,67.2,30.4,3.5,1.99,84,30.8,25,29.4,153
14.8,25.7,7.3,56.1,0.48,64.4,14.1,26,5.3,219
23.5,48.3,30,8.3,1.03,95,29.4,56,23.1,175
40.2,74.6,56,9,2.75,72.8,24.5,40,24.5,129
184.5,295.6,70.8,11.9,6.2,126.1,28.2,14,2.1,278
17.7,43.4,19,3.3,1.11,100.7,37.5,86,32.3,185
20.6,46.4,25.1,1.5,1.45,85.7,24.8,38,17.3,151
52.8,96.3,11.9,3.1,1.93,37.3,8.3,53,10.1,79
74,113.3,17.1,21,2.48,78.1,23.6,44,30.1,146
32.5,57.6,27.7,11.5,1.76,105.8,28.9,69,8.8,179
101.9,157.7,22.6,1.7,3.66,121.1,41.6,92,27.9,236
21.9,39.7,20.1,42.8,0.88,23.8,6.9,82,23,184
5.6,25.6,120,2,2.2,107.9,37.7,46,15.4,272
63.4,99.3,17.9,12.7,2.16,37.7,8.5,23,4.2,86
35.7,56,120,4.5,3.63,90,15.8,37,1.1,256
61.7,72.8,24.7,10.1,1.79,111.3,38.9,35,19.1,196
20.3,38.5,33.1,7.2,0.91,136.3,41.7,33,18.8,262
152.7,220,96.3,8.1,6.24,36.5,8.3,80,8.2,234
54.8,102.7,3.9,20.8,1.73,72.2,27.3,71,25.4,143
60.4,108.4,11.2,8,2.63,26.9,6.7,51,33.7,94
52.4,72.1,49.7,2.7,2.08,44.6,15.4,44,18.6,112
9.5,29.5,59.1,0.2,1.57,53.6,12.5,35,6.9,114
80.6,126.1,36.1,4,2.34,91.2,27.7,36,20.1,166
3.6,17.1,13.1,1.5,0.38,29.4,7.6,52,26.8,54
11.7,30.8,120,7.2,2.69,76.6,22.5,45,23.7,262
45.4,60.5,110.9,7.1,4.5,102,27.1,12,8.6,250
18.7,38.9,14.1,4.7,0.86,88.5,26.6,87,12.8,163
24.6,46.5,25.9,6.9,1.61,52,15.2,23,11.9,89
61.8,95.7,16.2,6,1.75,44.1,11.6,95,31.8,103
267,387.1,34.1,26,8.82,126.3,34.1,60,7.8,422
19.8,44.8,25.3,2,0.96,41.6,13.2,33,24.2,55
88.2,141.1,73.5,12.5,4.91,117.1,28.5,14,5.7,208
103.8,140.1,120,18.9,6.8,169,41.5,56,4.6,313
78.7,101.5,34.8,27.9,2.57,64.3,13.3,55,4.2,122
101.7,201,28,14,4.31,112.1,38.3,44,32.2,222
192.3,344.9,94.1,3.1,5.43,65.6,17.4,61,10.4,283
6.8,25.2,64.3,31,1.1,40.3,12.5,97,31.1,140
19.7,47.1,38.4,0.2,1.33,86.2,25.8,17,27.3,153
14.8,33.7,73.6,8,2.03,50.1,12.4,75,28,157
16.5,28.9,22.3,11.7,0.82,60.6,14,81,8,115
253.7,284.2,42,10.7,7.97,193.8,43.3,13,2.6,376
25.9,36,13.2,5.1,1.27,68.1,12.7,28,2.3,125
42,62.5,51.4,14,2.27,148.1,43.9,40,10.7,282
138.7,222,83.6,4.7,7,143.4,42.2,61,12.9,265
49.2,89.2,23.6,5.7,2.49,49.9,13.7,11,26.1,77
39.1,55,105.8,7.1,3.67,77,19.4,18,9.6,227
19.5,48.6,22.3,0.2,0.85,25.9,8.9,52,18.6,56
56.3,84.5,6.5,3.9,2.04,116.7,39.7,50,26.8,211
16.8,40.1,45.3,9,1.27,134.2,44.8,78,22.6,253
29,55,65.8,10.5,2.4,103,27.9,88,7.9,181
55.1,96.9,33.2,5.5,1.66,85.1,28.6,27,34.8,152
92.9,157.4,89.4,27,4.73,182.7,33,78,1,335
41.1,79.3,44.8,17.6,2.12,93.3,28,19,8,166
6.8,23.8,19.5,15.3,0.58,38.3,11.5,30,22.6,59
100.7,144.8,29.3,29.3,2.61,127.1,26.2,91,1.6,235
91.9,106.9,92.6,8.6,4.13,108.9,25,82,1.9,217
68.7,121.9,14.2,19.1,2.92,123.6,41.8,25,21.7,215
44.9,63.8,95.9,26.7,3.12,71.2,23.1,99,20.4,209
13.6,28.2,120,20.9,2.21,87.2,22,84,9.4,269
26.3,49.6,22.1,6.4,1.17,25.4,8.1,50,32.3,36
85.2,162.7,10.8,1.7,2.65,128.4,42.1,63,23.9,243
57.4,92.7,17.6,44.4,1.88,51.2,17.5,90,22.9,198
40.9,65.4,57.1,22.3,1.8,91,21.5,83,8.1,160
85.6,119.3,39.5,28.1,3.63,69.1,20.8,77,17.3,130
15.2,36.2,51.1,0.2,1.78,91.4,32.7,86,34.5,183
24,59.1,2.1,8.1,0.84,81.5,28.7,47,34.8,147
39.4,83.1,19.4,5.2,1.88,41.2,11,89,16.3,66
81.4,119.1,54.4,22.4,4.57,59.2,18.7,92,25.3,128
24.6,33.8,67,8,2.24,91.4,27.7,90,11.8,177
62.2,119.3,17,8,2.46,95.5,35.4,11,29.3,162
40.7,76.3,5.7,2.5,1.08,122.5,40.4,65,15.8,224
5.7,24,67.4,5.7,1.65,94.2,34.5,51,34.9,173
62.7,97.5,43.9,7.6,2.1,69.9,22.4,61,28.4,130
97.2,146.9,12.2,3,3.45,22.7,5.8,91,17.5,149
101.3,172.6,27.4,15.2,4.35,127.9,41,25,19.3,237
69.3,89.8,47.7,15.5,2.31,40.6,10,79,12.6,110
39.4,68.3,93.7,25.5,3.68,189.9,44.9,20,2.8,352
81.5,107.2,10.6,12.6,2.57,34.2,7.6,79,16.6,111
51,96.9,62.2,15.4,2.15,122.9,38.1,35,17.9,223
16.1,32.6,13.2,9,0.63,62.4,19.2,95,10.6,138
12.8,34,7.8,21.1,0.54,69.8,21.1,50,27.4,115
62.8,83.8,22.5,10.4,1.83,144.5,43.7,59,11.3,278
60.8,112.8,35.3,17.2,2.96,83.9,26.5,25,18.5,148
35.4,74.7,29.3,2.4,1.22,102,30.2,72,17.3,190
18.2,51.9,75.1,18.1,2.41,53.9,18.3,82,27.1,156
22,45.3,120,31.5,3.59,52.7,9.1,80,6.6,264
55.1,84.5,111.7,2.7,4.35,130,44.4,29,16,248
6.6,26.4,2.4,8.8,0.28,100.1,31.8,28,18.8,184
51.6,72.1,3.9,12.6,1.6,23,5.1,67,17.2,87
167.7,229.1,29.5,15.5,5.58,68.8,19.6,78,18.8,268
78.2,103.5,25.7,1,2.07,80,26.3,83,24.3,152
135.5,187.9,2.3,16.5,2.97,88.7,27.2,85,13,213
127.2,163.1,31.2,2.4,3.91,85.5,26.8,21,29.5,195
40.9,79.6,47.7,3.2,1.99,82,27,35,32.3,132
122.4,205.4,53.5,9,4.53,119,28.4,86,4.6,221
16.8,32.4,58.2,21.4,1.82,35.5,7.5,20,8,111
3.8,22.6,26.3,11.9,0.46,31.8,7.4,12,17.5,36
24,44.9,12.4,9.2,1.02,136.9,40.9,47,12,252
150.5,171.2,34.1,6,4.58,89,28.4,63,17,230
51.9,81.7,31.5,4.9,1.74,118.9,38,56,20.9,229
22.4,47.8,52.5,14.1,1.97,101.3,28,94,8.6,184
12,33.5,28.7,1,1.14,53.3,18.4,33,26,98
232.1,380.5,18.4,12.2,8.86,157.8,40.8,74,6.1,359
130,247.2,8.5,26.6,2.96,28.1,7.8,25,24.7,184
80.8,109.3,112.1,3.4,4.44,118.2,33,84,10,260
26,53.5,6.8,3.2,0.94,33.9,7.2,78,15.5,48
14.9,42.4,71.7,8.2,2.43,114.2,39.7,36,25.5,218
9.2,20.9,66.1,6.2,1.46,122.5,37.9,26,17.1,220
52.5,90.7,22.5,6.7,1.67,45.7,11.8,66,12.5,82
7.5,22.9,18.2,5.9,0.49,132.8,37.6,65,9.2,255
58.7,70,24.6,27.6,2.44,86.3,23,88,8.4,174
118,162.2,32.4,2.5,3.09,61,15.1,68,9.2,175
46.8,71.3,45.3,3.7,2.58,83.5,28,18,20.2,151
46.5,85.7,19.4,7.7,2.05,102.6,32.3,88,25.2,204
25.9,41.8,50.9,9.3,1.5,121.6,29.3,86,4.7,231
30.4,62.5,5.6,2.9,0.9,97.2,31.9,55,18.6,179
10.5,35.2,33.8,4.8,0.82,37.1,14.8,17,30,71
71.2,142.9,44.8,8.1,2.51,118.9,43.1,12,25.3,222
83.7,106.5,18.2,11.3,2.16,140.6,42.2,38,11.7,274
227.9,260.7,44.4,4,5.76,139.3,33,76,4.9,352
40.9,60.2,33.8,0.2,1.71,52.4,15.8,100,20.6,103
149.4,184.7,96.1,11.3,7.99,120.4,43.9,51,29.3,241
56.2,79.5,44.3,17.3,1.82,27.7,7.1,73,18.7,89
43.1,83.6,32.2,12.9,2.18,92.8,28.9,95,24.6,178
23.3,48.3,20.2,4,0.88,91.8,31.3,52,18,171
81.5,116.6,36.6,0.6,3.41,115.8,35.9,74,13,222
7.3,27.4,3.9,0.2,0.3,95.3,34.9,85,33.8,181
75.3,115,10.1,0.2,2.54,98.8,38.7,14,32.4,183
24.6,43.1,46.7,18.4,1.7,146.7,38.1,46,8,285
39.2,88.7,9.2,18.9,1.26,75.7,23.8,59,33.5,151
19.5,46,15.1,13.6,0.75,45,11.9,76,30.7,74
30.6,52.6,36.5,13.1,1.55,138.4,44.3,23,24.7,255
90.8,137.4,23.2,5.1,3.3,68.2,21.1,43,18.4,122
207.2,259.9,34.5,6.6,8.3,107.8,35.6,12,17.3,313
22.2,49.7,71.3,22.6,1.74,33.2,8.7,11,7.9,151
65.5,95.4,67.8,8.9,2.74,165.3,40.8,82,4.4,322
23.9,52.3,23.5,2.3,1.05,130.1,37,71,17.1,234
93.2,166.1,43.7,5.9,4.72,104.2,30.2,12,11.6,192
23.9,56.7,6.8,11.3,0.94,86.3,30.4,37,27.3,173
52,94.1,30.3,7.3,1.78,119.3,41.1,95,31.6,237
2.9,18.7,86.3,24.5,1.76,126,37.8,35,12.4,228
35.3,75.8,14.2,5,1.68,83.2,25,42,29,138
189.8,272.7,39,5.7,4.86,124.4,34.1,55,8.5,287
86.2,113,19.3,6,2.59,112.5,36.2,34,27,210
38.8,60.5,79.8,1.5,2.85,51.3,15.9,92,20.1,173
12,31.1,64,2.8,1.83,106.6,33.6,26,15.4,202
40.4,69.6,8.8,26.8,1.11,86.3,27.9,65,29.5,139
89.7,153,9.2,1.3,2.28,141.7,40.7,14,10.8,266
51.6,81.7,25.5,23.7,2.07,28.2,6.1,82,17,101
13.8,38.7,10.9,1.6,0.57,103.1,32.2,70,27.5,174
257.1,400,105.9,22.3,10.28,135.8,32.7,76,3.8,399
137.5,164.7,4,15.2,3.27,89.3,27.8,14,14.4,201
31.3,57.2,95.7,31.5,2.69,146,38.3,59,4.3,279
41.5,54.3,120,1.6,3.46,76.2,16.8,66,5.5,266
10.3,28.1,38.2,5.7,0.87,52.4,12.6,77,8.5,110
56.9,102,47.3,9.8,3.01,40.4,11.8,23,10.3,98
6.5,16.2,70.7,9.6,1.88,35.6,5.7,50,11.2,147
121.7,205.8,68.9,28.8,6.28,35.6,9.6,73,13.7,184
79.3,126.4,46.8,6.9,3.69,38.2,7.6,20,17.7,114
31.8,64.1,36.8,9.5,1.23,116.3,37.2,79,30.9,219
34.8,61.8,7.2,11.5,1.25,36.3,10.3,67,26.5,78
54.4,75.9,7.3,0.5,2.1,37.4,8.6,63,33.5,73
46.9,77,47.2,0.2,2.14,129.4,40.7,11,12.3,245
100.4,150.5,48.5,11.8,4.93,88.4,34.4,12,29,160
28.2,47.4,15.1,6.5,1.2,97.9,25.1,25,5.5,179
84.4,100.9,14.2,13.2,2.88,70,16.1,16,5.2,126
111.6,141.3,67.4,15.9,4.73,32.8,9.3,53,25.8,168
25.1,50.5,41.3,5,1.35,121.6,38.9,98,19.6,255
33.7,49.1,40.8,7.7,2.27,98.8,33.4,49,21.7,170
108.9,138.2,48.3,2.2,4.92,147.5,37.2,95,5.2,274
29.4,51.4,11.8,9.3,1.03,23.5,5.6,40,30.8,22
29.4,51.9,56.8,7.9,2.42,44.7,15.1,54,29.6,123
67.5,114.6,120,4.2,4.75,98.1,21.1,85,2.6,274
17.7,41.7,29.6,1.2,1.21,56.4,18.3,84,25,107
11.9,27.9,3.8,9.5,0.51,128.4,39.7,23,19.2,221
49,108.2,16.4,1.7,2.12,38.2,12,20,33.1,88
9,27.4,39.4,5.8,1,58.6,19.7,10,32,92
15.3,30,6,3.5,0.52,31,6.1,77,16.5,61
67.4,113.6,16.9,1.9,2.22,114.6,41.2,80,27,215
55.8,80.8,43,12.3,3.27,118.1,38.6,29,18.2,213
58.5,95.6,29,17.7,2.31,157.8,43.5,57,7.9,289
14.6,32,39.4,5.1,0.89,90.5,29.6,27,25.4,164
16.2,36.7,43,2.5,1.5,31.1,9.9,51,27.1,91
36.4,65.1,46.2,7.9,1.86,123.1,42,57,25,226
123.4,225.2,64.5,10.1,5.69,40.5,10,41,7.5,175
14.2,26.8,20.3,3.3,0.75,90.3,27.2,77,11.1,173
22.3,44.6,89.5,17.1,2.77,40,12.2,14,12.1,191
41.7,83.8,21.9,23.5,1.3,139.3,44.5,36,20.4,248
92.1,166,19.6,18.7,3.2,91,33.1,25,31,160
8,23.9,4.8,6.9,0.36,52.7,15.2,35,30.8,75
38.7,78.8,29.7,11.1,1.87,120.6,36.9,72,14.1,227
70.9,115.4,23.8,6.9,2.06,67.7,20,86,26.1,126
71.2,120.9,59.4,6.7,3.47,121.5,40.5,56,28.1,239
78.1,144.9,8.8,7.6,2.72,36.4,10.5,96,25.6,117
78.2,122.3,49.1,3,2.4,133.6,41.1,17,14.1,241
38.8,68.1,43.6,28.4,2.08,135.7,41.1,57,11.1,263
48.1,73.2,24.4,5.2,1.45,172.6,39.4,75,3,338
55.8,75.9,46.1,10.5,2.54,81.4,26.3,19,23.9,141
125.5,187.2,34.4,4.5,4.58,143.3,38.1,81,7.7,268
54.4,108.6,16.4,10.6,1.65,128.1,42.4,50,22.3,228
3,10.8,31,23.5,0.91,102.6,27.6,50,5.7,165
42.8,82.3,63.3,2.3,2.65,74.2,20.8,76,13.7,129
8.7,16.8,38.3,13.2,0.77,41.3,12.5,54,11.7,67
5.6,23.5,8,18.5,0.35,123.2,40.3,20,28.7,237
44.3,87.3,109.5,1.2,3.88,57.5,14.4,93,13.5,243
27.1,48.5,12,28.7,1.1,135.9,42.8,32,15.9,258
63.9,85,33.2,1.4,3.22,99.2,31.3,69,15.9,173
39.6,60.7,84.3,11.1,2.97,27.1,11.4,90,21.5,202
53.5,80.6,13.2,35.8,1.62,134.7,43.2,90,14.7,259
4.9,25.9,14.8,2.9,0.46,33.4,11.2,98,33.6,42
11.2,29.8,32.4,14.9,0.91,119.9,43.2,53,34,218
57.7,83.8,18.4,1.1,2.08,83.7,31.1,19,32.1,154
18.2,36.8,72.9,15.9,2.6,33.7,6.1,94,3.8,145
23.8,37,38.5,9.2,1.12,71.1,21.9,38,17.2,124
7.5,25.6,14,16.8,0.63,51.4,13.1,52,12.5,101
42,77.5,23.5,4.1,1.25,92.7,29.8,60,23.9,170
41.9,72.2,66.7,0.2,2.29,126.8,41.9,84,22.6,239
15.5,38.7,34.6,38.5,1.37,89.2,28.1,67,30.2,159
18.6,44,36.6,4.7,1.63,40.3,10.7,43,33.2,82
28.7,61.9,18.9,8.7,1.05,58.1,19.6,53,20.5,98
10.9,30.4,95,11.8,2.4,32.4,7.1,23,19.2,214
8.3,30.7,82.4,7.3,1.79,27.4,9.6,31,33,177
52.3,96.9,20.1,10,2.15,96.8,34,86,31.3,184
15.5,37.6,28,3.7,0.96,44,11.7,83,15,85
154.4,227,4.1,4.2,4.75,190.1,43.3,99,2.7,359
35.6,79.4,47.7,12.8,2.57,34.4,7.4,76,27.5,114
23.6,44,26,8.6,1.24,119.6,43.9,44,32.5,227
64.7,106.1,32.8,2.9,3.25,80.1,24.7,56,13.8,170
50.8,71.7,10.3,12.5,1.54,109.6,33.1,94,9.3,221
107.7,172.6,78.7,64.9,4.52,137.9,34,62,4,273
13.7,31.5,120,4.3,2,116.2,35.6,47,14.3,269
56.6,88.2,61.4,1.1,2.7,154.3,40.2,29,7.2,269
62.2,84.5,76.7,23.1,2.42,133.6,33.5,84,5.5,238
76.4,96.1,75.4,12.7,2.87,63.5,14.8,54,9.8,159
47.5,76.8,5.4,0.2,1.78,76.7,24.7,25,19.8,136
99.8,173.1,58.6,20.5,4.92,135.4,35.3,74,6,256
15.7,37.4,9.2,6.9,0.51,15.3,5,65,33.7,44
49.4,101.5,23.7,15.8,1.38,23.6,8.4,20,33.1,69
35.4,59.9,44.3,12,2.42,97.3,36.1,30,34.7,173
72.2,100.2,43.4,15.2,2.78,61.8,16.7,59,25,114
89.5,156.8,118.1,8.2,6.03,80.5,18.9,18,5.8,266
69.8,91.8,120,4.6,4.68,156.3,31,22,1.3,277
9.9,33.9,9.6,1.7,0.37,116.9,38.7,77,24.3,217
38.7,75.2,65.6,3.8,2,29.1,7.8,89,24.2,131
22.7,44.7,39.4,4.9,1.43,40.4,15.6,95,32.2,84
8,16.6,16.4,10.4,0.7,112.6,33.4,33,14.9,207
1.7,21.9,45.4,2.4,0.7,29.4,7,29,15.4,103
35.4,65.4,20.4,14,1.54,60.6,18.4,29,19.3,120
49.4,65.3,23.7,4.7,2.27,125.8,40.7,27,15.1,230
32.4,61.6,67.1,11.4,2.96,56.6,14.1,28,4.3,122
15.6,37.1,76.8,21.5,1.54,90.4,27.9,23,13.9,169
9.9,20.3,52.7,6,1.76,45.6,12.6,73,7.7,125
102.2,191.8,30.2,2.4,3.84,128.3,45,39,25.7,239
126.4,180.2,120,23.7,5.68,130.5,25.1,44,1.4,259
108.4,146.2,46.9,13.1,4.64,114.3,37.8,77,32.2,224
31.8,57,41.4,10.1,1.48,85.7,30.5,35,31.6,156
7.9,27.4,49,0.9,0.94,111.1,39.1,79,26.6,216
31.2,61.4,21.1,12.1,1.76,84.6,32.5,17,33.4,141
28.5,61.3,6.4,0.8,0.98,123.2,36.1,70,22.3,244
32.1,56,28.5,3.9,1.09,31.6,10.9,93,23.3,57
10.1,23.8,13.3,8.7,0.72,55.3,15.9,80,14,107
181.8,328.3,12.7,16.9,6.09,65.4,15.4,77,3.2,284
34.7,61.2,57,4.4,2.38,70.1,19.2,39,24.5,122
90.1,156,44,3.4,4.04,63.9,15.4,67,5.3,133
50.5,92.2,31.2,5.7,1.72,142.3,39.2,49,10.9,272
14.7,42.9,34.3,0.9,1.44,108.3,34.4,40,22.5,197
40.8,81.6,7,10.9,1.34,128.6,39.2,78,14.3,244
35.2,60.2,48.2,2.9,1.7,147.9,34.4,12,3.4,262
46.7,76.2,67.2,0.9,2.59,102.5,33.8,45,30.4,183
96.5,146.4,30,5,2.74,146.4,44.3,37,14.1,270
1.8,22.4,27.5,2.5,0.69,45.1,11.5,25,23.8,70
56,107,96.8,13.2,3.73,178.8,35.6,65,1.7,333
15.4,33.2,20.1,4.1,1.07,134.9,43.2,18,21.2,241
17.1,30.9,118.1,16.3,3.36,61,15.6,29,10.4,254
38.1,72.9,41.4,18,2.1,25.8,8.4,100,14.6,91
75.5,103.4,61.9,11.7,4.37,59.3,14.2,21,6,134
17.1,45.5,15.8,3.4,0.78,60,18.3,14,29,100
1.5,8.2,113.4,24.7,2.92,166.1,43.1,91,5.8,317
7,27.9,7.8,3.5,0.39,126,44.6,56,31.9,255
78,153.8,46.3,8.6,2.95,70.5,22.5,15,31.6,120
57.3,99.2,23.8,8.7,2.64,126.4,33,98,7.5,244
148.6,174.2,58,16.5,4.13,121.1,40.6,24,19.1,246
65.8,114.9,29.2,4.4,3.32,123.9,38.4,82,18.8,231
63.2,123.5,21.7,4.3,2.79,131.4,34.4,24,6.5,238
32.3,57.3,24.4,7.6,1.72,87.6,30.9,48,18.7,158
90.2,115.6,120,4.5,4.61,141.1,38.7,27,8.6,261
50.6,93.1,59.4,15.1,3.11,45.8,11.4,73,10.6,137
15.4,30.3,7,6.3,0.46,70.9,19.5,82,18.1,122
88.1,150.7,30.3,4.5,3.6,77.3,16,97,6.4,138
9.9,32,39.6,14.9,1.27,38.1,10,14,32.3,80
19.8,35.1,67.3,26.3,2.44,86.7,27.6,62,18,152
45.5,88.9,26.1,20.7,2.22,95.8,31.9,48,21.9,172
16.7,32.6,39.1,3,1.46,20.6,5.1,36,26.3,66
3.2,17.5,21.1,2.5,0.48,110.6,37,41,22,203
39.2,63.5,39.4,3.5,1.57,37.9,12.9,93,32.6,94
87.9,105.3,42.7,1.9,2.45,135.5,31.7,92,3.7,246
253,335.7,120,3.4,9.98,183.4,36.5,97,2,398
116.4,167.9,63,1.6,4.74,131,43.1,82,19.4,254
6.9,20.1,51.8,26.7,1.12,69.7,20.3,25,9.2,116
14.1,35.2,68.3,11.3,1.92,78.8,26.1,35,22.9,146
42.2,67.9,10.9,0.3,1.39,65.2,20.5,79,13.8,116
201.9,343.8,25.5,29.6,6.05,61.4,10.3,84,2.6,311
61.4,82.8,25.7,15.9,1.89,165.7,37.3,60,2.6,310
10.4,37.1,30.7,8.8,1.04,85.9,32.4,23,33.7,154
19.9,43.2,65.8,29.2,1.57,72,16.7,78,8.7,143
32.1,43.3,23.3,9.3,1.67,117.7,21.8,18,1.4,207
204.9,350.5,7.7,10.4,7.01,124.5,34.4,73,8.4,321
29.5,56.3,19.8,0.6,1.31,154.5,39,85,2.9,293
48.1,86,65.9,4.2,2.01,34.9,8.1,54,9,136
64.8,121.1,86,1.2,4.2,63,16.4,59,14.7,171
131,156.5,120,9.6,7.42,50.2,9.4,70,1.5,260
5.5,13.2,17.7,7.2,0.42,48.8,13.9,13,13.3,93
28.1,54.6,120,3.1,3.78,29.3,6.9,20,20.9,253
33.8,67.3,25.5,4.6,1.09,20.4,7.4,72,21.6,62
54.5,88.5,65.5,6.2,2.79,89.8,26.3,17,10,163
20.5,49,85.9,1.8,1.77,31.5,8.9,38,24,186
78.1,107.5,24.9,3.5,2.53,72.5,21.7,79,32.8,134
34.3,47.3,30.6,7.1,1.33,46.3,9.8,41,1.1,92
84.7,135.4,51.7,10.5,3.64,113.9,42,58,27.8,213
8.1,30.5,31.7,11.2,0.64,19.5,5.4,90,28.4,76
280,359.2,51.5,0.5,9.27,112,24.3,50,3.5,410
64.5,108.1,29.9,34.2,3.25,111.3,35.3,40,20.3,215
54.8,106.3,34.2,10.5,1.92,121.9,41.5,14,19.3,217
33.8,64.5,44.1,0.5,1.57,142.1,36.1,45,5.7,261
105.9,157.5,13,6.9,2.54,147.7,44,36,10.4,275
136,205.4,41.8,1.8,5.05,50.5,11.5,34,13,203
6.3,26.2,80.2,1.8,1.71,50.7,17.5,62,28.6,165
21.6,39.4,67.8,64.1,1.74,89.5,22.6,67,6.8,276
14.1,31.2,36,0.6,0.89,95.7,31,38,18.7,172
3.4,25.6,62,21.2,1.71,104.5,32.6,72,27,191
227.1,327.5,120,4.9,11.92,51.4,13,58,10.8,363
65.1,125.3,43.3,7.8,2.92,123.1,37,78,15.9,236
179.6,290.3,17.7,3.1,5.53,109.5,35.8,68,23.8,285
39.9,55.6,81.9,7.2,3.61,142.7,31.4,55,2.3,274
13.8,35.8,29.6,55.3,0.78,35.9,10.6,50,20.1,235
31.3,63.3,60.9,1.6,1.69,81.4,31.7,39,32.7,140
37.1,61.5,47.6,1.8,1.98,36.7,11.1,70,15.8,98
4,28,7.1,1.5,0.29,73.9,28.1,11,32.8,130
1,19.3,42.1,6.6,0.95,87.7,29.5,46,34.3,167
10.3,37.6,39.1,4.7,0.82,35.7,11,86,24,85
19.2,46.5,66,2,1.74,98.3,26.4,44,11.1,183
24.5,43.7,20.5,6.1,1.13,101.7,27.9,86,8.1,180
11.2,27.9,23.9,41.6,0.77,96.4,29.1,46,11.8,180
12.1,33.2,34.5,2.9,0.81,108.3,38.7,76,30,198
121.1,180.8,13.9,46,3.09,117.3,26.1,76,3.1,215
96.8,133.2,63.3,2,3.95,53.5,14.8,39,7.2,152
38,81,40.1,0.7,1.92,64.4,16.9,81,17.5,109
14.2,21.6,71.9,1.6,2.07,133.1,38.8,83,12.5,244
27.4,59.1,22.3,4.4,1.46,66,22.9,99,28.7,138
96.1,129.6,49.1,7,4.85,95.8,32.9,88,30.6,181
135.8,214.6,120,12.1,7.84,198.4,42.9,25,1.7,348
102.5,143.8,18.3,2.1,2.76,87.9,27.9,63,29,162
17.5,35.6,29.9,2.6,1.05,79.6,24.7,32,14.6,139
44,84.4,53.7,6.7,2.82,78.1,24.9,53,23.8,151
2.3,12.2,35.7,19.7,0.75,39.9,8.7,77,5,80
120.8,146.7,21.3,10.7,4.79,133.1,43.3,12,17.2,256
66.5,131.6,80,7.4,3.95,42,13,95,32.5,170
76,133,54.2,12.7,2.77,79,26.3,94,20.5,159
75.5,136.8,18.8,1,2.07,35.5,10.4,90,32,103
11.7,38.7,109.5,4.5,3.3,48.5,14.6,64,26.7,237
71.4,127.3,60.9,1.1,4.26,41.3,12.4,39,22.5,126
27.1,52,48.3,14.3,1.59,94,31.4,69,28,167
69.5,114.2,48.6,6.7,2.5,20.7,9.1,32,32.4,99
162.3,278.4,23.6,27.9,4.96,65.5,16.2,86,6.6,244
41,53.9,39.7,19.6,2.05,16.2,5.2,96,7.6,100
22.2,39.1,11.2,17.5,0.93,67,14,51,4.3,110
85.4,113.9,43.6,8.1,4.31,95.2,34.9,94,29.2,196
132.5,209.6,20.3,5.7,3.07,26.4,6.1,26,28.4,188
39.9,75.3,59.8,23.2,2.14,123.2,34.8,63,10.5,233
73.3,112.6,27.5,10.1,3.48,83.2,29.8,46,16.3,166
35.4,63.7,32.5,21.3,1.23,62.1,21,96,22.3,113
7.4,21.8,116.4,39.6,2.93,69.3,18.7,24,13.6,248
57.1,74.6,18,9.8,1.79,63.8,14.4,55,14,108
28.6,47.9,60.3,29.9,1.99,106,35.6,77,32.1,208
131.5,242.3,11.7,2.3,4.95,41.4,13.3,29,14.3,193
24.7,42.3,24.9,14.4,1.59,66.9,14,47,3.4,111
39.8,78.3,25.4,2.6,1.62,98.5,31.2,53,25.1,189
75.7,132.4,42.3,1.1,3.61,64.5,24.9,51,24.6,118
26.1,43.5,43.8,13.1,1.94,125,28.6,58,4.3,222
56.2,84.9,21.4,16.7,2.27,100.6,22.3,44,2.3,185
20.9,48.3,50.8,1.3,1.66,99.6,31.5,15,14.6,166
280,315.5,120,0.6,8.19,148.3,30,88,1.4,435
34.8,58.7,48.3,28.7,2.5,77.1,25.1,49,20.3,136
21.3,52.3,13.8,2.4,1.16,48.3,16.9,20,33.1,80
139.4,169.5,53.9,1.6,5.59,113.9,34.3,40,12.7,215
23.9,50.1,18.5,10.8,1.09,135.6,38.8,49,9.3,268
46.3,83.1,60.5,4.8,2.78,97.3,31.7,72,19.4,172
41.9,56.1,69.3,15,2.8,103.6,25.2,16,5,162
70,99.3,70,9.3,2.58,111.5,33.5,37,13.7,221
107.6,193,12.3,27.9,4.47,144.9,44,54,12.1,265
33.9,74.5,52.9,6.6,2.08,91.1,32.6,72,33.2,181
23.5,53.7,76.7,2.4,2.49,121.8,44.8,55,32,232
37.1,57.5,28.6,1.2,1.74,126,43.1,73,26.9,245
66.3,92,18.1,16.9,2.42,102.2,35.5,68,26.8,188
65.9,124.6,28.5,5.2,2.56,34.3,10.8,45,34.9,94
156.2,199.1,20.4,32.6,4.02,45.3,12,56,20.7,239
69.2,123.4,112.2,21.2,3.42,145.6,42.4,53,8.3,264
48.5,78,46.6,13.4,2.31,85.7,24.2,77,5.5,148
4,22.7,28.2,3.3,0.83,61.7,19.8,99,27.9,107
89,128.1,76.2,12.9,3.6,63.4,18,55,34.4,170
20,44,20.5,12.4,1.14,68.7,24,95,34.4,120
280,336.9,12.2,3.9,7.4,167.9,42.2,59,5.3,432
72.3,101.6,29,5.2,2.64,88.5,26.3,95,22,180
10,29.1,20.4,4.4,0.66,122.1,41.7,92,30.2,228
172.9,248.1,14.5,34.4,6.7,72,18.1,57,5.7,274
9.8,25.1,63.2,4.1,1.81,64.4,17.2,82,13.5,131
202.6,297.4,11,27.3,7.94,31.1,5.2,28,6.3,293
115.2,186.4,41.3,13.8,5.31,80.1,24.3,94,16.2,205
133.3,229.6,34.7,0.4,5.3,70.5,20.1,74,17.5,220
96.5,132,42.2,11,3.75,31.1,10.5,79,33.3,143
1.6,20.9,16.9,5.3,0.36,74.3,25.7,57,31.8,145
10.9,32.1,32.1,2.8,0.89,99.7,37.1,38,33,182
69.5,128.6,11.8,16,2.61,29.5,6.6,100,27.3,111
40.2,75.2,37.7,16.3,2.3,139.7,33.5,58,4.1,244
106.8,144.4,64.3,22.5,4.33,166.9,33.4,12,1.6,294
16.1,39.9,40.1,41.5,1.06,142.6,40.8,14,12.3,245
77.1,108.1,21.1,1.8,2.08,63.1,16,48,9.2,122
59.1,85.5,14.5,19.3,1.5,39.5,10.4,62,27.9,94
15.9,35.4,13,35.5,0.64,133.6,42,94,17.9,251
31.6,43.3,27.4,5.8,1.69,95.7,30.7,50,18.5,191
242.5,400,64.4,19.8,8.37,128.7,29.2,12,3.5,344
1,10.5,6.3,4.2,0.15,63.6,17.1,86,12.7,120
99.4,162.4,28.6,8,3.81,37.7,13.6,46,26.7,139
145,246.1,24.5,12.2,3.41,131.3,37.8,73,14.1,256
153.5,236.5,120,20.1,8.35,144.9,27.7,67,1.2,287
36.3,62.1,6,9.4,0.86,112.1,41.2,88,25.4,220
13.5,25.2,54.6,6.5,1.44,95.5,29.1,47,19.9,192
40.5,66.5,74.7,6.7,2.89,57.7,13,99,3.4,161
92.3,126.1,60.9,12.1,3.84,122.8,37.8,26,12.8,211
4.1,17.4,35.3,1.4,1,95,31.3,28,15,184
88.1,152.8,39.1,2.8,3.62,84.1,22.5,51,11.6,145
1.3,14.5,35.3,8.2,0.84,41.5,10.5,51,26.1,86
25.6,47.9,8.4,0.4,0.76,21.8,5.8,92,14.2,37
43.7,82,19.8,10.2,1.57,100.3,33.3,53,22.1,185
3.6,14.4,64.6,6.8,1.63,35.3,8.9,18,22.2,118
12.8,38.4,12.2,29.3,0.8,43.7,8.4,35,28.3,125
17.2,33.6,59.3,3.8,1.88,51.9,12.8,93,23.2,149
21.2,42.7,35.3,30.7,1.07,123.3,44.4,96,24.1,239
90.3,159.3,33.9,21.1,3.31,101.4,31.6,84,15,198
24.6,48.6,47.8,16.9,1.54,134.6,44.5,26,23.6,250
69.8,113.8,6.9,0.2,1.99,104.5,20.5,20,1.9,187
6.6,30.8,62.4,1.4,1.2,108.3,37.6,48,28.7,211
18.6,26.2,30.9,10.5,1.39,70.6,15.8,16,3.6,119
55.9,77.9,28.1,4.2,2.47,75.5,24.1,67,31.6,125
163,210.2,20.8,19.2,5.66,64.1,13,56,3.4,244
117.1,149.8,54.5,2.3,3.34,128.3,34.8,61,7.5,239
32.9,52.1,31.9,4.4,2.01,82.5,27.4,65,27.4,153
58.2,77.9,24.4,12.5,1.63,58.2,13.6,52,7.9,87
29.5,46.8,12.4,1.8,0.92,51.1,12.9,89,14.7,111
95.3,171.7,40.5,9.2,2.61,38.2,7.3,46,16.2,136
22.2,50.7,13.9,7.7,0.72,64.7,18.8,54,21.6,110
43.8,93.3,34.9,5.7,1.97,94,29.9,56,20.6,170
47,70.1,30.7,13.1,2.31,58.1,11.9,70,3,104
57.8,112.3,74.8,7.4,4.02,29.5,5.2,36,7.2,164
48.9,75,11.5,1.1,1.56,42.3,8.3,91,11.1,91
21.3,47.8,11.6,15.1,1.11,49.8,12.6,38,13.8,82
18.1,42,67.6,12.2,2.38,118,38.2,89,25.2,224
27.6,40.8,77.9,7.5,1.91,81.8,20.9,83,5.3,180
80.8,117.7,20.4,15.1,2.96,33.2,8.8,82,15.6,111
163.1,195,29,44.1,4.83,196.9,40.6,94,2,374
9.5,31.8,2.6,11.7,0.27,81.8,26.2,66,16.4,152
45.8,77.5,30.2,6.4,1.58,110.6,38,25,28,224
1.3,14.3,26.1,9.8,0.46,57.8,16.4,68,17,98
103.1,189,54.3,14.3,4.49,129.1,36.1,52,9,244
6.1,26.2,6.5,17.4,0.36,44.4,10.8,90,31.2,87
161.5,203.9,90,6.9,7.18,56.8,14.1,79,5.3,255
87.5,151.2,7.1,6,2.4,111.3,29.1,88,10.2,206
10.4,29.1,15.6,2.9,0.73,105.2,40.7,66,31,205
14.1,35.5,18.4,2.4,0.78,92.9,30.8,53,26.5,170
280,361.1,61.6,24,6.92,101.4,22.3,94,4.3,429
43.7,79.9,37.5,11.4,1.54,117.7,40.9,68,28.7,232
93.5,141.1,23,7,2.43,116.5,42.8,35,30.2,210
12.4,23.3,25.6,21.5,0.66,121.7,30.1,96,5,249
38.9,74.3,49.7,11.2,1.9,43,8.3,40,5.7,100
63.5,96.1,18,6.1,2.72,76.7,22.8,94,19.6,144
21.8,33.1,81.6,3,1.91,83.9,19.5,72,3,179
6,19,37.7,4.1,0.78,137.2,44.8,25,17.8,261
32,51.9,18,80,1.48,136.6,25,42,1.3,352
22.8,48.7,32.1,2.1,1.55,45.8,15.3,93,29.8,88
99,117.4,72.2,15.3,4.23,147.8,34,98,3.1,277
54.5,88.4,25.4,5.6,1.51,39.5,11.3,52,28.9,80
69.1,128.9,90.1,8.8,2.83,58.3,17.6,38,19.3,196
54,104.7,8.2,8.4,2.26,61.7,16.9,15,18,108
280,400,75,19.1,12.15,158,32.2,68,1.8,423
15.6,29.5,39.8,25.7,1.18,71.4,23.2,91,19.8,156
168.8,272.7,35.8,0.3,6.36,25.8,5.8,85,25.5,255
13.3,33.2,6.2,26.4,0.56,120.7,34,58,9,220
4.1,24.1,2.6,9.6,0.14,61.8,18.1,23,28.6,111
12.4,25,46,2.6,1.26,90.4,31.4,85,15.3,178
8.8,19.8,36.7,0.6,0.76,62.3,19.2,88,20.2,129
56.3,84.2,80.4,8.1,4.25,93.7,23.3,98,6.2,181
16.9,37.5,37.3,7,1.11,113.6,28.4,17,7.6,195
143.8,235,35.3,21.1,3.85,48.6,12.8,87,6.7,221
82.6,114.9,28.2,13.6,2.38,54.3,15.4,26,29.4,108
13.1,24.1,41.9,8.9,1,162.4,39.8,43,4.8,299
43.8,86.5,10.3,4.1,1.91,36.1,9.8,99,10.1,65
35.4,76.1,117.9,3.7,3.03,105.4,37.8,50,28.1,266
93.4,127.4,33.9,13.7,3.22,90.9,27.9,87,11.2,170
49.6,92.9,78.8,4.3,2.56,45.4,14.4,25,30.5,161
280,347.2,95.4,28.7,10.3,128.8,28,27,2.3,419
154.1,217.5,120,12.8,6.38,115.6,35.2,29,12.6,279
98.6,163.2,9.2,15.9,3.67,42.8,9.1,12,11.5,148
280,400,57,4.7,9.54,117.3,31.9,72,5.4,433
67.4,111.2,46.5,17.8,3.29,46.4,9.5,10,13.7,89
146.7,197.4,15.5,11.7,4.55,119.2,39.1,44,16.8,235
42.7,65.6,82.6,6.7,3.74,96.7,21,98,2.6,187
86.1,132.4,14.2,7,2.8,73.2,27.4,77,34.6,145
35.6,60.8,27.2,6.6,1.8,71.9,24.4,92,31.9,135
42.4,77.2,39.5,11.3,2.07,36.6,10.1,82,34.3,90
58.9,96.2,71.2,5.3,4.1,150.2,38.5,29,6.8,279
138.2,161.8,120,16.2,5.24,162,36.6,68,2.5,301
59.5,93.4,58.8,1.3,2.58,121,31.5,18,5.9,226
66.9,120.3,24.2,2,3.03,51.5,14.3,41,13.3,97
79.7,162.7,1,18.6,1.79,130.2,43.2,98,19.5,247
21.6,35.7,23.9,2.9,1.39,98,33,16,32.9,164
182.2,240.7,29.8,28.8,5.63,88.7,28.4,83,22.6,284
29.7,54.5,97.5,3.9,2.07,134.3,43.1,59,17.5,245
280,400,15.9,13.2,9.16,175.1,41.5,32,3.9,449
38.5,78.1,25.1,0.5,1.86,37.3,8.1,23,33.1,61
12.9,27.1,32.6,14.7,1.21,31.5,7.7,49,12.8,60
37.6,65.7,5,27.6,1.58,141.3,42.6,77,13.6,271
45.4,86.7,81.5,1.2,3.67,49.5,11.7,94,22.2,181
87.8,165.6,8,0.9,2.72,125.5,41.5,80,25.7,255
68.8,91,16.5,8.7,2.28,49.4,11.7,85,7.7,101
55.7,104.7,6.2,6.5,2.27,60.8,16.9,66,21,113
53.9,75.2,54,11.4,2.51,24.9,6.5,22,29.7,113
16.4,46.7,7.4,0.3,0.62,67.4,21,23,35,123
37.1,55.5,120,14.3,3.19,146.3,29.5,66,1.4,270
45.6,74.3,35.5,16.9,1.69,56.1,14.9,30,28.9,89
27.1,50.9,35.8,0.7,1.77,29.4,5.9,87,8,75
81.7,138.1,13.1,10,2.64,75.8,16.4,38,4.9,129
1,13.8,16.4,14,0.26,114,37.5,81,24.4,218
47.5,60.5,33.9,7.9,2.43,124.9,33.8,60,10.3,223
54.8,105.5,3.3,30.4,2,78.9,26.2,83,29,140
79.4,113.7,8.9,2.9,2.96,49.2,12.4,99,22.9,124
19.1,41.1,41.5,4.8,1.06,104.1,31.9,35,18.9,187
115.9,177.9,120,14,7.42,111.6,22,26,2,265
117.3,176.9,70.7,19.5,5.86,88.1,27.5,75,10.8,182
64,95.3,120,20.2,5.06,94.8,22.7,11,2.2,240
26.5,53,21.3,5.3,1.17,123.5,42.3,98,31.5,237
59.6,84.3,120,14.1,3.61,98.9,23.5,51,5.5,267
182.9,329.1,73.4,19.7,8.86,137.9,30.2,14,2.7,270
6.4,23.2,72.6,7.9,1.71,96.2,27.9,28,13.4,167
48.7,75.9,41.2,0.2,1.73,97.1,32.4,19,24.6,163
88.3,132.5,23.3,4.9,3.41,119.9,42.8,11,31.3,226
38.6,70.8,68.1,5.6,2.23,27.1,6.4,94,9.3,152
60.5,107.7,52.6,27,3.16,66.5,18,27,14.3,106
49.5,82.9,4.2,16,1.65,116.8,37.2,97,22.1,232
131.4,206.8,101,12.1,7.65,59.8,13.5,42,20.2,226
37.5,74.6,35.8,18.6,1.97,99.8,20.8,94,2.4,198
44.3,83.7,50.5,1.5,2.27,111.4,36.4,22,17.1,214
73.1,129.4,40.2,4.5,2.24,23.5,5.9,87,33.3,105
76.5,104,26.7,31,2.97,113.4,30.9,79,9.2,224
174.5,277.3,24.7,8.8,5.61,85.5,28,68,24.1,272
25.2,56,65.7,2.1,2.62,82.6,28.7,84,32.1,167
280,396.1,50,4,6.92,132.4,28.7,55,2.5,431
138.3,183,13.2,5.6,3.5,129.8,33.9,44,5.6,240
86.8,131,58.2,22.5,4.24,144.9,35.1,90,4.4,284
60.9,96.1,50.5,0.7,2.35,36.2,8.2,16,14.9,96
37.7,74.6,25.4,7.3,1.45,99.9,34.2,17,34,178
6.8,20.4,47.3,4.1,1.36,124.3,39.2,75,13.4,248
19.7,44,37.9,7.8,1.46,106.8,33.5,96,25.6,205
6.8,27.9,13.5,28.3,0.4,93.5,32,28,24.9,175
68.3,103.3,107.6,31.3,5.13,200,44.1,49,1.8,356
90,164.2,69.2,7.5,4.9,101.9,38.2,28,33.2,177
40.6,73.9,31.4,1.1,1.92,130.4,42.9,93,19.1,249
116,147.6,19.9,1,2.94,51,16,60,24.7,186
25.4,48.4,25.3,14.8,1.49,130.7,28,44,2.5,244
98.6,130.1,19.7,3.1,2.74,14.7,6.3,25,32.2,128
178.8,223.7,34.9,12.3,5.93,113.4,22.8,97,2.1,271
29.5,53.1,53.4,11.5,2.39,49.9,17.6,45,27.4,107
5.2,23.5,47.8,5.4,1.12,45.9,14.1,54,18.9,118
25.8,46.9,120,19,2.94,56.7,12.3,30,10,257
27.4,47.3,7.9,5.4,1.1,118.1,38.3,40,18.2,210
17.4,32.9,15.7,4,0.73,141.8,44.5,69,19.1,274
73,130.4,21.3,17.2,2.63,58.1,12.6,78,4,113
120.6,162,23.1,6.3,3.07,64.9,18.6,28,32.1,183
30.2,65.8,27.9,17.9,1.35,78.8,23.4,36,20.2,138
58.3,106.5,61.6,47.7,2.39,92.9,21.6,28,3,196
41.5,71,91.6,0.2,2.44,119.3,38.8,61,23.9,224
23,40,48.8,4.3,1.73,111.2,39.2,25,22.3,203
95.9,141.6,118.5,3.6,6.32,106.9,23.1,95,3.5,272
14.5,32.5,70.5,5.1,1.49,108,34.3,55,15.9,211
39.1,61,10.5,5,1.78,90,32,14,22.8,161
87.5,166.6,44.6,1.1,3.7,97.1,35,90,28.5,184
8,18.2,25.5,26,0.9,142.7,43.4,28,14.3,253
136.3,251.2,24.2,0.4,3.91,121,44.8,27,27.3,228
8.8,32.6,24.9,8.3,0.92,127.3,44.2,61,30.7,243
45.9,78.5,23.7,8.6,1.74,87,27.6,63,22,159
33.5,67.8,22.8,7.3,1.26,132.4,41.6,97,13.2,245
22,56.4,48.3,5.7,2.1,116.3,43.9,33,32.7,215
86.7,143.8,47.4,4.6,3.64,121.8,43.5,82,26.3,240
55.7,89.5,10.7,20.2,1.41,128.7,29,22,3.2,215
53.4,97.4,22.7,13.7,2.11,57.6,12.8,32,4.7,91
110.3,154.7,57,4,4.95,29,7.9,88,28.8,167
45.6,95.5,12.3,4.2,1.83,75.1,21.3,66,28,138
24.4,38.2,51,11.6,1.41,24.9,5.5,36,2.9,96
25,52,8.7,7.1,0.86,126.1,44.6,69,31.9,246
11.9,33.2,20.4,5.7,0.63,95.2,34.7,95,25.5,193
17.2,47.5,12,11.3,0.63,105,37.2,51,31.7,204
56.6,111.7,97,1.8,3.98,37.2,11.4,32,19.2,197
1,6.3,74.5,12.5,1.47,132.5,37.7,58,12.9,256
50.1,73.4,45.1,23.6,3.08,78.6,25.7,77,29.3,153
20,46.9,16,4.3,1.19,117.4,40.8,24,27.9,212
91.9,138.9,53.2,23.9,4.48,133.2,43.5,88,19.1,262
38.6,76.5,22.9,12.4,1.48,102.2,35.6,68,27.5,201
119.4,171.7,15.2,4.7,4.7,137.9,30.4,99,3,253
24.3,41.8,41.4,8,1.87,139,43.1,24,16.6,249
81.6,117.2,84.4,47,4.84,97.5,20.5,28,1.8,202
21.5,43.1,30.5,8.8,0.91,46.1,15,86,26.2,86
53.3,84.8,39.8,13.3,2.25,29.9,6.1,58,25,72
70.7,80.9,62.5,24.2,4.38,102.1,19.1,20,1.2,193
63.4,89.6,9.3,1.9,2.4,45.9,13.5,84,17,105
25.2,40.1,18.6,8.9,0.84,58.4,17.6,86,21.3,99
211.6,247,13.1,18.8,7.28,63.5,16.3,38,10.7,319
223.8,298.4,50.1,13.4,7.98,71.6,16.8,91,2.9,344
13,30.6,29.8,9.8,1.02,118.9,35.1,75,13.8,226
11.7,25.9,7.1,8.8,0.5,67.8,21.8,89,19,132
62.8,101.5,33.1,13,1.84,116.1,32.4,40,9.5,213
38.6,69.5,43.1,14.8,1.93,119.5,43,100,33.1,233
37,60.8,22.4,9,1.91,93.2,25.2,22,15.9,164
107.6,165.9,62.6,9.7,3.27,44.6,12.6,13,24.8,170
49.1,79,6.8,4.4,1.81,106.1,27.9,11,7,184
38.3,61.5,11.2,0.8,1.09,119.5,31.9,30,9.2,215
17.3,31.8,15.1,14.3,0.75,106.5,20.5,73,1.8,195
74.7,107.3,24.4,1.8,3.33,147.5,43.7,13,12.2,262
3.2,12.4,8.9,5.9,0.31,95.1,25.5,43,15,177
153.9,236.7,43.5,41.4,5.7,25,6.5,56,4.7,221
44.8,93.2,7.5,4.7,1.18,92.5,29.3,96,30,175
170.3,299.2,82.3,18.8,6.68,190.4,37.7,19,1.3,338
38.2,69.8,44.4,0.4,1.78,83.6,31.9,22,34,146
112.5,150.9,27.8,4,4.22,44.8,11.3,66,28.4,160
63.5,109.1,14,0.7,1.53,129,43.6,38,18,249
7,27.6,9.6,2.6,0.42,111,42,54,32.8,202
28.4,49.2,78.7,3.8,2.96,43,10.3,81,16.9,185
34.8,58.3,28.6,1.2,1.68,115.2,36.5,11,18.4,208
100,139.7,11.6,5.4,3.47,118.5,42.2,46,29.3,222
62.6,84.1,37.5,3.7,3.08,123.3,30.8,71,6.5,236
31.9,64.2,38.3,15.1,1.81,109.8,35,72,18.7,213
19.7,44.1,27.9,5.4,1.31,76.9,23.3,91,15.7,159
20.5,44.5,11.7,1.2,0.71,38.1,7.4,92,12.3,66
12.5,27.2,11.1,9.4,0.74,38.4,6.3,34,16.2,61
38.5,50.2,13.9,3.5,1.04,94,20.6,99,2.4,188
99.5,129.3,30.1,1.6,3.51,50.8,12.5,16,9.3,145
102.2,122.4,108.9,6.9,6.5,58.5,15.6,57,4.5,233
20.5,48.1,56.5,12.6,1.89,47.8,13,90,13.3,122
91.7,171.8,38.8,5.2,2.82,46.4,12,28,23.4,131
81,129.7,5.5,6.6,1.8,125.4,40.8,63,15.5,240
162.5,275.8,27.9,17.4,5.44,29.1,7.5,23,3.5,238
22.8,53.9,53.3,2.5,2.18,62.8,21.4,94,24.4,116
20.8,42.9,47.4,3.8,1.3,63.6,17.4,36,30,104
9.3,32.9,30.4,4,1.05,68.5,22.2,34,30.5,120
208.3,342.2,31,34.7,6.26,88,18.3,40,4,318
70.2,108.3,21.1,10.7,2.41,76.7,14.5,29,1.4,142
35.6,79.2,94.8,9.9,3.17,68.4,19.9,20,15.4,198
65.4,125.7,9,11.7,2.75,73.9,24.6,88,34.1,147
14.3,32.1,10.5,4.7,0.7,28.2,5.8,75,18,43
6.7,27.4,65.1,8.6,1.42,32.8,6.2,94,34.8,156
64.7,96.1,13.5,7,1.96,108.9,31.8,93,17.8,188
10.3,24.2,120,11.2,2.93,152.4,38,20,5.2,286
26,34.5,65.5,8.5,1.53,114,35.9,40,20.1,217
17.4,29.1,34.4,16.8,0.9,129.8,35.7,76,9.1,229
4.1,18.9,13.3,7.9,0.28,101.4,36.4,23,25.7,173
53.4,103.8,32.2,6.6,2.36,128.8,41.7,73,27.7,251
29,51.9,59.2,34.5,2.14,116,36.2,19,16.3,220
195.1,332.1,45.6,14.5,5.63,79.2,21.8,66,16.9,310
75,122,1.8,7.4,2.44,96.4,28.2,80,14.7,182
83.7,145.7,25.8,1.9,2.6,102.3,36.9,62,31.7,194
52.9,102.7,26.5,3.8,1.96,127.8,42.2,56,20.2,256
25.7,56.8,108.7,14.1,3.78,33.5,9.5,36,24.5,218
81,147.7,13,0.3,2.68,53.4,12.6,13,12.3,125
7.8,16.5,22,4.4,0.83,144.9,35.8,38,4.2,261
39.7,73.5,17.4,9.4,1.84,38.5,9.4,51,32.9,72
91.5,125.1,15.7,1.7,2.59,89.1,30.1,18,23.8,169
124.3,184.4,55.1,25.3,4.71,155.4,30.3,55,1.5,296
36.1,61,31.6,7.4,2.06,156.9,39.7,100,4.8,289
21,47,7.8,16.2,0.98,91.3,31.8,28,29.8,156
25.2,51,53.1,18.3,2.19,118.6,38.9,91,16.2,220
